rent,arrival_time,walk_time,deposit_key_mony,exclusive_area,building_age,is_second_floor,have_air_conditioned,have_storage,have_flooring,hava_balcony,time_to_shinjyuku,transfer_num,from_express_train_num,fare,distance_to_shinjyuku,station_name
70000,0,1,4,16.42,10,0,0,0,0,0,1,1,1,140,0.8,南新宿
79000,0,1,4,19.68,7,0,0,1,0,1,1,1,1,140,0.8,南新宿
79000,0,1,4,19.00,6,0,1,1,0,0,1,1,1,140,0.8,南新宿
90000,0,6,5,19.44,0,1,1,1,1,1,1,1,1,140,0.8,南新宿
90000,0,6,5,18.23,0,1,1,1,1,1,1,1,1,140,0.8,南新宿
96000,0,6,5,22.88,0,1,1,1,1,1,1,1,1,140,0.8,南新宿
98000,0,6,5,22.88,0,1,1,1,1,1,1,1,1,140,0.8,南新宿
65000,0,5,4,18.63,11,0,1,1,0,0,3,1,2,140,1.5,参宮橋
80000,0,2,4,23.00,8,0,1,0,1,0,3,1,2,140,1.5,参宮橋
86000,0,6,4,18.15,0,1,1,1,1,1,3,1,2,140,1.5,参宮橋
76000,0,7,4,18.37,8,1,1,1,1,0,3,1,2,140,1.5,参宮橋
83000,0,8,4,25.01,10,1,1,1,1,1,3,1,2,140,1.5,参宮橋
75000,0,6,4,18.00,4,1,1,1,1,0,3,1,2,140,1.5,参宮橋
59000,0,8,3,11.13,11,1,1,1,0,1,3,1,2,140,1.5,参宮橋
55000,0,8,4,11.13,10,1,1,0,0,1,3,1,2,140,1.5,参宮橋
77000,0,2,4,23.00,8,0,1,1,1,0,3,1,2,140,1.5,参宮橋
62200,0,8,3,11.13,11,1,1,1,0,1,3,1,2,140,1.5,参宮橋
62200,0,8,3,11.13,11,1,1,1,0,1,3,1,2,140,1.5,参宮橋
73000,0,8,4,15.00,9,1,1,1,0,1,5,1,3,140,2.7,代々木八幡
72000,0,6,4,15.60,10,1,1,0,1,1,5,1,3,140,2.7,代々木八幡
98000,0,2,4,22.36,10,0,0,1,0,1,5,1,3,140,2.7,代々木八幡
110000,0,4,4,23.08,6,0,1,1,1,0,5,1,3,140,2.7,代々木八幡
150000,0,6,4,40.42,8,1,1,1,1,0,5,1,3,140,2.7,代々木八幡
82000,0,7,4,20.95,8,0,1,0,1,0,5,1,3,140,2.7,代々木八幡
100000,0,5,4,23.80,6,1,1,1,0,1,5,1,3,140,2.7,代々木八幡
125000,0,3,4,25.71,2,1,1,1,1,0,5,1,3,140,2.7,代々木八幡
59000,0,10,4,14.12,12,1,1,1,1,1,5,1,3,140,2.7,代々木八幡
69000,0,4,4,18.12,10,1,1,1,0,0,5,1,3,140,2.7,代々木八幡
84000,0,7,4,23.44,6,1,0,1,1,1,5,1,3,140,2.7,代々木八幡
75000,0,10,3,14.12,12,1,0,0,0,1,5,1,3,140,2.7,代々木八幡
82000,0,7,4,22.13,6,0,0,1,1,1,5,1,3,140,2.7,代々木八幡
75000,0,8,4,18.81,10,1,1,1,1,1,5,1,3,140,2.7,代々木八幡
100000,0,3,4,26.40,3,1,1,0,1,1,5,1,3,140,2.7,代々木八幡
75000,0,10,4,19.00,8,1,1,0,0,0,5,2,0,140,3.5,代々木上原
79000,0,8,4,19.80,8,1,1,1,1,1,5,2,0,140,3.5,代々木上原
86000,0,9,4,23.89,0,1,1,1,1,1,5,2,0,140,3.5,代々木上原
115000,0,1,4,28.30,1,1,1,1,1,1,5,2,0,140,3.5,代々木上原
145000,0,5,4,34.44,0,1,1,1,1,1,5,2,0,140,3.5,代々木上原
161000,0,5,4,36.75,0,1,1,1,1,1,5,2,0,140,3.5,代々木上原
40000,0,3,4,12.00,21,1,0,0,1,1,5,2,0,140,3.5,代々木上原
75000,0,10,4,19.00,8,1,1,1,0,1,5,2,0,140,3.5,代々木上原
85000,0,7,4,21.42,4,1,1,1,1,1,5,2,0,140,3.5,代々木上原
125000,0,5,4,29.60,5,1,1,1,1,1,5,2,0,140,3.5,代々木上原
68000,0,5,4,17.00,8,0,1,1,1,1,5,2,0,140,3.5,代々木上原
79000,0,1,4,20.98,10,1,1,0,0,1,5,2,0,140,3.5,代々木上原
87000,0,3,4,20.00,0,1,1,1,1,1,5,2,0,140,3.5,代々木上原
74000,0,4,3,20.00,3,1,1,1,1,1,5,2,0,140,3.5,代々木上原
96000,0,5,4,26.00,0,1,1,1,1,1,5,2,0,140,3.5,代々木上原
85000,0,3,4,20.00,0,1,1,1,1,1,5,2,0,140,3.5,代々木上原
100000,0,5,4,25.97,0,0,1,1,1,1,5,2,0,140,3.5,代々木上原
110000,0,5,4,23.08,6,0,1,1,1,0,5,2,0,140,3.5,代々木上原
109000,0,5,4,28.70,0,1,1,1,1,1,5,2,0,140,3.5,代々木上原
115000,0,5,4,30.27,0,1,1,1,1,1,5,2,0,140,3.5,代々木上原
236200,0,3,6,44.56,5,1,1,1,1,1,5,2,0,140,3.5,代々木上原
68000,0,3,3,17.40,8,0,1,1,0,1,5,2,0,140,3.5,代々木上原
76000,0,13,4,18.02,3,0,1,1,1,0,5,2,0,140,3.5,代々木上原
75000,0,8,4,22.17,10,1,0,1,0,1,5,2,0,140,3.5,代々木上原
84000,0,10,4,25.00,8,1,1,1,1,1,5,2,0,140,3.5,代々木上原
74000,0,6,4,18.48,9,1,1,1,0,1,6,1,1,160,4.2,東北沢
90000,0,3,4,28.00,6,0,1,1,1,0,6,1,1,160,4.2,東北沢
66000,0,6,4,16.00,10,1,0,1,0,1,6,1,1,160,4.2,東北沢
72000,0,10,4,18.00,4,1,0,1,1,0,6,1,1,160,4.2,東北沢
82000,0,8,4,21.50,4,1,1,1,1,0,6,1,1,160,4.2,東北沢
92000,0,2,4,22.87,6,1,1,1,0,1,6,1,1,160,4.2,東北沢
95000,0,3,4,21.00,5,1,1,1,1,1,6,1,1,160,4.2,東北沢
71000,0,5,3,19.87,3,0,1,1,1,0,6,1,1,160,4.2,東北沢
64000,0,4,4,16.00,10,1,0,1,0,1,6,1,1,160,4.2,東北沢
75000,0,6,4,22.17,11,1,0,1,0,1,6,1,1,160,4.2,東北沢
53000,0,10,4,16.12,9,0,0,1,0,0,6,2,0,160,4.9,下北沢
64000,0,7,4,23.13,10,0,0,1,0,0,6,2,0,160,4.9,下北沢
69000,0,15,3,17.16,13,1,0,0,0,1,6,2,0,160,4.9,下北沢
65000,0,7,4,19.72,12,1,0,1,0,0,6,2,0,160,4.9,下北沢
69000,0,5,5,16.59,8,0,0,1,0,0,6,2,0,160,4.9,下北沢
70000,0,7,3,19.00,7,1,1,1,0,0,6,2,0,160,4.9,下北沢
72000,0,11,4,17.64,8,0,0,1,1,1,6,2,0,160,4.9,下北沢
70000,0,10,4,19.44,6,1,1,0,1,1,6,2,0,160,4.9,下北沢
73000,0,13,4,19.44,0,0,1,0,1,1,6,2,0,160,4.9,下北沢
72000,0,5,4,20.46,5,1,0,1,0,1,6,2,0,160,4.9,下北沢
72000,0,7,4,18.84,1,0,1,1,0,0,6,2,0,160,4.9,下北沢
75000,0,6,4,17.95,4,0,1,1,0,1,6,2,0,160,4.9,下北沢
75000,0,7,4,16.43,3,0,1,1,1,1,6,2,0,160,4.9,下北沢
80000,0,3,4,18.20,12,1,1,1,0,1,6,2,0,160,4.9,下北沢
80000,0,10,4,19.80,6,0,1,1,1,1,6,2,0,160,4.9,下北沢
79000,0,6,5,17.90,2,1,1,1,1,1,6,2,0,160,4.9,下北沢
80000,0,2,4,13.20,5,0,1,0,0,0,6,2,0,160,4.9,下北沢
82000,0,12,4,23.18,0,0,1,1,1,1,6,2,0,160,4.9,下北沢
85000,0,7,4,20.44,6,1,0,1,1,0,6,2,0,160,4.9,下北沢
83000,0,8,4,18.03,5,0,1,1,1,1,6,2,0,160,4.9,下北沢
85000,0,10,4,23.36,25,1,1,1,0,1,6,2,0,160,4.9,下北沢
89000,0,8,4,20.46,4,1,1,0,1,1,6,2,0,160,4.9,下北沢
92000,0,5,4,21.65,7,1,1,1,1,1,6,2,0,160,4.9,下北沢
83000,0,13,3,25.55,4,1,1,1,1,1,6,2,0,160,4.9,下北沢
90000,0,8,4,21.00,4,1,1,1,1,1,6,2,0,160,4.9,下北沢
100000,0,8,4,25.87,3,1,1,1,1,1,6,2,0,160,4.9,下北沢
100000,0,1,4,28.00,13,1,1,1,0,1,6,2,0,160,4.9,下北沢
107000,0,8,4,24.48,3,1,1,1,1,1,6,2,0,160,4.9,下北沢
110000,0,6,4,30.38,3,1,1,1,0,1,6,2,0,160,4.9,下北沢
115000,0,8,4,28.08,5,1,1,1,1,1,6,2,0,160,4.9,下北沢
135000,0,7,5,25.98,4,1,1,1,1,1,6,2,0,160,4.9,下北沢
140000,0,5,4,44.00,15,1,1,0,0,1,6,2,0,160,4.9,下北沢
150000,0,1,4,42.00,13,1,1,1,0,1,6,2,0,160,4.9,下北沢
58000,0,5,4,13.50,8,1,1,1,0,0,6,2,0,160,4.9,下北沢
63500,0,7,4,14.87,10,1,0,0,0,0,6,2,0,160,4.9,下北沢
70000,0,14,4,21.00,10,0,1,1,1,0,6,2,0,160,4.9,下北沢
71500,0,3,3,15.12,12,1,0,0,0,1,6,2,0,160,4.9,下北沢
74000,0,9,4,18.00,7,0,1,0,0,0,6,2,0,160,4.9,下北沢
75000,0,7,4,16.12,3,1,1,1,0,1,6,2,0,160,4.9,下北沢
75000,0,6,4,17.00,2,1,1,0,0,1,6,2,0,160,4.9,下北沢
78000,0,7,4,19.00,6,1,1,0,1,1,6,2,0,160,4.9,下北沢
80000,0,3,4,18.20,12,1,1,1,0,1,6,2,0,160,4.9,下北沢
81000,0,5,4,20.07,0,0,1,1,1,0,6,2,0,160,4.9,下北沢
85000,0,5,4,20.07,0,1,1,1,1,0,6,2,0,160,4.9,下北沢
85000,0,3,4,17.39,2,1,1,1,0,1,6,2,0,160,4.9,下北沢
98000,0,6,4,26.43,6,0,1,1,1,1,6,2,0,160,4.9,下北沢
115000,0,8,4,28.08,5,1,1,1,1,1,6,2,0,160,4.9,下北沢
69000,0,7,4,15.90,3,1,1,0,1,0,6,2,0,160,4.9,下北沢
71000,0,10,4,18.50,6,1,1,1,1,1,6,2,0,160,4.9,下北沢
72000,0,15,4,16.13,10,1,0,1,0,0,6,2,0,160,4.9,下北沢
77000,0,3,4,18.25,7,0,1,1,0,0,6,2,0,160,4.9,下北沢
75000,0,10,4,19.00,5,1,1,1,1,1,6,2,0,160,4.9,下北沢
80000,0,9,4,22.32,7,1,0,1,1,1,6,2,0,160,4.9,下北沢
80000,0,3,4,19.44,12,1,1,1,0,1,6,2,0,160,4.9,下北沢
82000,0,7,4,18.56,5,1,1,1,0,0,6,2,0,160,4.9,下北沢
82000,0,10,4,23.36,25,1,1,1,0,1,6,2,0,160,4.9,下北沢
88000,0,6,3,22.50,5,0,1,1,1,1,6,2,0,160,4.9,下北沢
86000,0,2,4,13.20,5,0,1,0,0,0,6,2,0,160,4.9,下北沢
95000,0,2,4,22.50,5,1,1,1,1,1,6,2,0,160,4.9,下北沢
92000,0,8,4,24.22,2,0,1,0,1,1,6,2,0,160,4.9,下北沢
90000,0,4,4,27.26,8,0,0,1,0,0,6,2,0,160,4.9,下北沢
90000,0,4,4,24.00,13,0,0,1,0,1,6,2,0,160,4.9,下北沢
95000,0,8,4,21.50,5,1,1,1,1,1,6,2,0,160,4.9,下北沢
98000,0,8,4,25.87,3,0,1,1,1,1,6,2,0,160,4.9,下北沢
77000,0,9,4,19.25,7,0,1,1,1,0,6,2,0,160,4.9,下北沢
80000,0,6,2,14.74,8,0,1,0,0,0,6,2,0,160,4.9,下北沢
89000,0,8,4,20.46,4,1,1,0,1,1,6,2,0,160,4.9,下北沢
95000,0,8,4,23.00,3,0,1,1,1,1,6,2,0,160,4.9,下北沢
67000,0,13,4,18.00,10,0,1,1,0,1,6,2,0,160,4.9,下北沢
68000,0,8,3,17.90,9,1,1,1,0,1,6,2,0,160,4.9,下北沢
70000,0,4,3,19.73,6,1,1,1,1,1,6,2,0,160,4.9,下北沢
72000,0,9,4,18.00,6,1,1,1,0,1,6,2,0,160,4.9,下北沢
70000,0,8,4,18.50,13,1,0,1,0,0,6,2,0,160,4.9,下北沢
73000,0,8,4,18.00,7,1,1,1,0,1,6,2,0,160,4.9,下北沢
75000,0,5,3,21.64,4,1,1,1,1,1,6,2,0,160,4.9,下北沢
75000,0,10,4,18.00,5,1,1,1,1,1,6,2,0,160,4.9,下北沢
75000,0,10,4,18.09,7,1,1,1,0,1,6,2,0,160,4.9,下北沢
77000,0,7,4,16.12,3,0,1,1,0,1,6,2,0,160,4.9,下北沢
80000,0,3,4,22.00,3,1,1,1,1,0,6,2,0,160,4.9,下北沢
80000,0,7,3,22.89,5,1,1,1,1,1,6,2,0,160,4.9,下北沢
83000,0,8,4,18.33,1,1,1,1,1,1,6,2,0,160,4.9,下北沢
80000,0,7,4,18.63,6,1,1,1,1,1,6,2,0,160,4.9,下北沢
82000,0,7,4,18.36,5,1,1,1,0,0,6,2,0,160,4.9,下北沢
83000,0,8,4,18.72,2,1,1,1,1,0,6,2,0,160,4.9,下北沢
84000,0,11,3,21.12,8,1,0,1,1,1,6,2,0,160,4.9,下北沢
85500,0,10,4,19.80,5,1,1,1,1,0,6,2,0,160,4.9,下北沢
86000,0,6,4,15.30,5,1,1,1,0,0,6,2,0,160,4.9,下北沢
89000,0,10,4,21.00,3,1,1,1,1,1,6,2,0,160,4.9,下北沢
89000,0,11,4,20.26,3,1,1,1,0,1,6,2,0,160,4.9,下北沢
90000,0,4,4,22.43,3,1,1,1,1,1,6,2,0,160,4.9,下北沢
90000,0,3,4,18.50,6,1,1,1,1,1,6,2,0,160,4.9,下北沢
95000,0,7,4,27.14,6,1,1,1,1,1,6,2,0,160,4.9,下北沢
97000,0,10,4,21.87,4,1,0,1,1,1,6,2,0,160,4.9,下北沢
98000,0,8,4,27.33,4,1,1,1,0,0,6,2,0,160,4.9,下北沢
107000,0,10,4,24.48,3,1,1,1,0,1,6,2,0,160,4.9,下北沢
105000,0,1,4,28.00,13,1,1,1,0,1,6,2,0,160,4.9,下北沢
135000,0,7,4,32.71,6,1,1,1,1,1,6,2,0,160,4.9,下北沢
161000,0,5,4,32.72,4,1,1,1,0,1,6,2,0,160,4.9,下北沢
150000,0,10,4,34.67,2,1,1,1,0,1,6,2,0,160,4.9,下北沢
62500,0,7,4,16.52,12,0,0,0,1,0,6,2,0,160,4.9,下北沢
67000,0,10,4,16.75,10,0,0,1,0,1,6,2,0,160,4.9,下北沢
67500,0,10,4,18.64,15,1,1,1,0,1,6,2,0,160,4.9,下北沢
70000,0,7,3,20.00,5,1,1,1,1,1,6,2,0,160,4.9,下北沢
73000,0,10,4,18.52,15,1,0,1,0,1,6,2,0,160,4.9,下北沢
73000,0,8,3,19.00,7,1,1,1,0,1,6,2,0,160,4.9,下北沢
76000,0,7,4,17.39,5,1,1,1,1,1,6,2,0,160,4.9,下北沢
77000,0,4,3,19.49,6,1,1,1,1,1,6,2,0,160,4.9,下北沢
78000,0,7,4,21.77,3,1,1,1,1,1,6,2,0,160,4.9,下北沢
85000,0,6,4,24.51,6,1,1,1,1,1,6,2,0,160,4.9,下北沢
85000,0,6,4,21.00,0,1,1,1,1,0,6,2,0,160,4.9,下北沢
88000,0,4,4,20.16,1,1,1,1,0,1,6,2,0,160,4.9,下北沢
120000,0,3,4,14.00,4,1,1,1,1,1,6,2,0,160,4.9,下北沢
80000,0,7,4,20.00,3,0,1,1,1,1,6,2,0,160,4.9,下北沢
84000,0,5,3,23.72,4,1,1,1,1,1,6,2,0,160,4.9,下北沢
60000,0,9,4,15.11,11,1,1,0,0,1,8,1,1,160,5.6,世田谷代田
65000,0,4,4,16.64,9,1,0,1,0,1,8,1,1,160,5.6,世田谷代田
68000,0,9,4,13.50,10,1,1,0,0,1,8,1,1,160,5.6,世田谷代田
73000,0,5,4,17.60,0,0,1,0,1,0,8,1,1,160,5.6,世田谷代田
75000,0,1,4,16.00,2,0,1,1,1,0,8,1,1,160,5.6,世田谷代田
68000,0,9,3,13.50,10,1,1,0,0,1,8,1,1,160,5.6,世田谷代田
76000,0,5,4,17.62,4,1,1,1,0,1,8,1,1,160,5.6,世田谷代田
65000,0,9,3,13.50,10,1,1,0,0,1,8,1,1,160,5.6,世田谷代田
67000,0,10,4,16.29,4,1,1,1,1,1,8,1,1,160,5.6,世田谷代田
73000,0,2,4,15.67,8,1,0,1,0,1,8,1,1,160,5.6,世田谷代田
75000,0,2,4,27.08,1,0,1,1,1,1,8,1,1,160,5.6,世田谷代田
91000,0,3,3,30.88,9,1,0,0,0,1,8,1,1,160,5.6,世田谷代田
74000,0,6,4,19.87,3,0,1,1,1,1,8,1,1,160,5.6,世田谷代田
74000,0,6,4,19.87,3,1,1,1,1,1,8,1,1,160,5.6,世田谷代田
72000,0,1,4,17.64,9,1,0,1,0,1,10,1,2,180,6.3,梅ヶ丘
76000,0,1,4,17.50,10,1,1,1,0,1,10,1,2,180,6.3,梅ヶ丘
78000,0,4,4,19.87,0,0,1,0,0,0,10,1,2,180,6.3,梅ヶ丘
82000,0,3,4,20.00,0,1,1,1,1,0,10,1,2,180,6.3,梅ヶ丘
95000,0,3,4,23.00,0,1,1,1,1,1,10,1,2,180,6.3,梅ヶ丘
69000,0,10,4,16.29,3,1,1,1,1,1,10,1,2,180,6.3,梅ヶ丘
73000,0,3,4,18.00,2,1,1,0,1,1,10,1,2,180,6.3,梅ヶ丘
76000,0,1,4,18.72,8,1,1,1,1,1,10,1,2,180,6.3,梅ヶ丘
78000,0,4,4,22.30,5,0,1,1,1,1,10,1,2,180,6.3,梅ヶ丘
85000,0,1,4,28.99,0,0,1,1,1,0,10,1,2,180,6.3,梅ヶ丘
97000,0,8,4,30.81,0,0,1,1,1,1,10,1,2,180,6.3,梅ヶ丘
103000,0,8,4,30.81,0,1,1,1,1,1,10,1,2,180,6.3,梅ヶ丘
103000,0,8,4,30.73,0,1,1,1,1,1,10,1,2,180,6.3,梅ヶ丘
72000,0,3,4,17.40,3,1,1,1,1,1,10,1,2,180,6.3,梅ヶ丘
74000,0,4,4,17.40,3,0,0,1,0,0,10,1,2,180,6.3,梅ヶ丘
75000,0,8,4,17.00,1,1,1,1,1,0,10,1,2,180,6.3,梅ヶ丘
67000,0,10,4,16.29,4,1,1,1,1,1,10,1,2,180,6.3,梅ヶ丘
65000,0,2,4,19.76,8,0,1,0,0,1,10,1,2,180,6.3,梅ヶ丘
70000,0,10,2,14.00,3,1,1,0,0,1,10,1,2,180,6.3,梅ヶ丘
80000,0,3,4,20.00,0,0,1,1,1,0,10,1,2,180,6.3,梅ヶ丘
85000,0,5,4,21.00,4,1,1,1,0,1,10,1,2,180,6.3,梅ヶ丘
87000,0,3,4,23.00,0,1,1,1,1,1,10,1,2,180,6.3,梅ヶ丘
70000,0,8,3,16.00,3,1,1,0,0,1,10,1,2,180,6.3,梅ヶ丘
69000,0,8,3,24.75,13,1,1,1,1,1,11,2,3,180,7,豪徳寺
62000,0,7,4,14.58,11,1,1,1,0,1,11,2,3,180,7,豪徳寺
68000,0,8,3,18.24,5,1,1,1,0,1,11,2,3,180,7,豪徳寺
76000,0,5,4,17.95,1,0,1,0,1,1,11,2,3,180,7,豪徳寺
87600,0,5,4,16.74,4,1,1,0,0,1,11,2,3,180,7,豪徳寺
85000,0,4,4,22.68,5,1,1,1,0,1,11,2,3,180,7,豪徳寺
102000,0,2,4,27.22,0,1,1,0,1,1,11,2,3,180,7,豪徳寺
55000,0,5,3,19.00,10,0,0,0,0,0,11,2,3,180,7,豪徳寺
68000,0,8,3,18.87,5,1,1,1,0,1,11,2,3,180,7,豪徳寺
73000,0,2,4,17.00,6,1,1,1,0,1,11,2,3,180,7,豪徳寺
87000,0,3,4,26.00,5,1,1,1,0,1,11,2,3,180,7,豪徳寺
110000,0,5,4.5,30.43,0,1,1,1,1,1,11,2,3,180,7,豪徳寺
70000,0,2,4,17.55,8,0,1,0,0,1,11,2,3,180,7,豪徳寺
80000,0,5,4.5,23.00,0,0,1,1,0,1,11,2,3,180,7,豪徳寺
100000,0,3,4,24.00,6,1,1,1,1,1,11,2,3,180,7,豪徳寺
60000,0,8,3,17.42,5,0,0,1,0,1,11,2,3,180,7,豪徳寺
94000,0,2,4,25.89,0,1,1,0,1,1,11,2,3,180,7,豪徳寺
97000,0,9,4,30.81,0,0,1,1,1,1,11,2,3,180,7,豪徳寺
103000,0,9,4,30.81,0,1,1,1,1,1,11,2,3,180,7,豪徳寺
68000,0,6,3,17.01,9,0,0,1,0,1,11,2,3,180,7,豪徳寺
67000,0,2,4,22.30,5,0,1,1,1,1,11,2,3,180,7,豪徳寺
75000,0,5,4,20.00,8,0,1,1,1,1,11,2,3,180,7,豪徳寺
80000,0,9,4,24.00,6,1,1,1,1,1,11,2,3,180,7,豪徳寺
58000,0,5,4,14.59,10,0,1,0,0,1,13,1,4,180,8,経堂
59000,0,14,2,22.00,20,0,1,1,0,0,13,1,4,180,8,経堂
60000,0,9,4,16.10,9,1,0,1,0,1,13,1,4,180,8,経堂
65000,0,3,2,16.50,6,1,1,1,0,0,13,1,4,180,8,経堂
75000,0,6,4,20.09,0,0,1,1,1,0,13,1,4,180,8,経堂
76000,0,6,4,18.00,6,1,1,1,1,1,13,1,4,180,8,経堂
85000,0,2,4,20.09,3,1,1,1,1,1,13,1,4,180,8,経堂
88000,0,7,4,25.32,4,1,1,1,1,0,13,1,4,180,8,経堂
87000,0,8,3,26.79,8,1,1,1,0,0,13,1,4,180,8,経堂
80000,0,3,4,17.25,4,1,1,1,0,1,13,1,4,180,8,経堂
112000,0,1,3,33.26,24,1,1,1,0,0,13,1,4,180,8,経堂
55000,0,7,4,18.00,10,1,1,1,0,0,13,1,4,180,8,経堂
66000,0,10,4,19.04,7,1,1,1,0,0,13,1,4,180,8,経堂
70000,0,5,3,14.62,13,1,0,0,0,1,13,1,4,180,8,経堂
67000,0,7,4,17.48,3,1,1,1,1,1,13,1,4,180,8,経堂
69000,0,5,3,20.00,0,1,1,1,1,1,13,1,4,180,8,経堂
73000,0,6,4,20.00,6,0,1,1,1,1,13,1,4,180,8,経堂
77000,0,9,4,18.00,1,0,1,0,0,0,13,1,4,180,8,経堂
74000,0,5,4,23.14,6,0,0,1,1,1,13,1,4,180,8,経堂
75000,0,3,4,20.00,2,1,1,1,1,1,13,1,4,180,8,経堂
75000,0,6,4,22.00,6,0,1,1,1,1,13,1,4,180,8,経堂
95000,0,4,1,19.00,3,1,1,1,0,0,13,1,4,180,8,経堂
52000,0,4,4,14.43,11,1,1,1,1,1,13,1,4,180,8,経堂
60000,0,9,4,17.00,9,1,0,1,0,1,13,1,4,180,8,経堂
62000,0,8,4,21.40,9,0,1,1,0,0,13,1,4,180,8,経堂
69500,0,3,3,15.46,12,1,0,0,0,1,13,1,4,180,8,経堂
65000,0,6,4,16.38,10,0,1,0,0,1,13,1,4,180,8,経堂
67000,0,13,4,17.39,3,0,1,1,0,0,13,1,4,180,8,経堂
67000,0,12,4,19.87,7,0,1,1,0,1,13,1,4,180,8,経堂
73000,0,7,4,17.48,4,1,1,1,1,1,13,1,4,180,8,経堂
73000,0,6,4,20.09,0,0,1,1,1,0,13,1,4,180,8,経堂
74000,0,6,4,18.25,7,0,1,1,0,1,13,1,4,180,8,経堂
73000,0,2,4,16.24,2,1,1,1,0,1,13,1,4,180,8,経堂
83000,0,8,4,20.46,3,0,1,1,1,0,13,1,4,180,8,経堂
83000,0,1,4,20.67,0,1,1,1,0,1,13,1,4,180,8,経堂
84000,0,8,4,20.46,3,1,1,1,1,1,13,1,4,180,8,経堂
83000,0,8,4,24.84,6,1,1,1,1,1,13,1,4,180,8,経堂
85000,0,4,1,23.00,3,0,1,1,0,0,13,1,4,180,8,経堂
70000,0,5,3,14.62,13,1,0,0,0,1,13,1,4,180,8,経堂
67000,0,3,3,19.46,8,0,1,1,0,0,13,1,4,180,8,経堂
75000,0,11,4,22.50,6,1,1,1,0,1,13,1,4,180,8,経堂
61000,0,3,4,14.70,11,0,1,0,0,1,13,1,4,180,8,経堂
61000,0,10,4,19.04,7,1,1,1,0,0,13,1,4,180,8,経堂
68000,0,6,4,14.75,11,0,1,1,0,1,13,1,4,180,8,経堂
62000,0,7,3,17.39,6,0,1,1,0,1,13,1,4,180,8,経堂
63000,0,6,4,15.00,5,1,1,0,0,1,13,1,4,180,8,経堂
68000,0,7,4,21.00,5,0,0,1,1,0,13,1,4,180,8,経堂
80000,0,2,4,23.00,10,1,1,1,0,1,13,1,4,180,8,経堂
80000,0,5,4,24.57,5,0,1,1,1,1,13,1,4,180,8,経堂
64000,0,3,4,17.14,11,1,0,1,0,0,13,1,4,180,8,経堂
64000,0,10,1,21.50,16,1,0,1,0,0,13,1,4,180,8,経堂
81000,0,8,4,26.49,6,0,1,1,1,0,13,1,4,180,8,経堂
82000,0,3,4,24.50,3,0,1,1,1,0,13,1,4,180,8,経堂
54500,0,6,3,11.41,11,1,1,0,0,1,15,1,5,200,9.2,千歳船橋
75000,0,11,4,25.30,12,0,0,1,0,0,15,1,5,200,9.2,千歳船橋
62000,0,10,4,18.63,7,0,0,1,0,0,15,1,5,200,9.2,千歳船橋
60000,0,14,4,23.00,20,1,1,0,0,1,15,1,5,200,9.2,千歳船橋
64000,0,12,3,20.00,10,0,0,1,0,0,15,1,5,200,9.2,千歳船橋
65000,0,10,3,19.00,4,0,1,1,0,0,15,1,5,200,9.2,千歳船橋
68000,0,6,4,19.09,1,0,1,1,1,0,15,1,5,200,9.2,千歳船橋
71000,0,12,4,17.67,0,0,1,1,0,0,15,1,5,200,9.2,千歳船橋
66000,0,5,3,20.00,5,1,1,1,0,1,15,1,5,200,9.2,千歳船橋
70000,0,3,4,16.50,10,1,1,0,0,1,15,1,5,200,9.2,千歳船橋
74000,0,12,4,17.86,3,1,1,1,0,1,15,1,5,200,9.2,千歳船橋
75000,0,12,4,20.09,2,1,1,1,0,1,15,1,5,200,9.2,千歳船橋
75000,0,3,4,20.00,4,1,1,1,1,1,15,1,5,200,9.2,千歳船橋
98700,0,5,4,24.50,1,1,1,1,0,1,15,1,5,200,9.2,千歳船橋
88000,0,10,3,29.00,6,1,1,1,1,1,15,1,5,200,9.2,千歳船橋
69000,0,10,4,21.00,7,1,0,0,0,1,15,1,5,200,9.2,千歳船橋
72000,0,12,4,22.32,3,0,1,1,0,0,15,1,5,200,9.2,千歳船橋
73000,0,8,4,22.86,9,0,1,1,1,1,15,1,5,200,9.2,千歳船橋
98000,0,6,4,30.00,0,0,1,1,1,0,15,1,5,200,9.2,千歳船橋
70000,0,8,0,18.00,4,1,1,1,1,1,15,1,5,200,9.2,千歳船橋
60000,0,5,4,23.60,10,0,0,1,0,0,15,1,5,200,9.2,千歳船橋
65000,0,13,3,22.87,6,0,1,1,0,0,15,1,5,200,9.2,千歳船橋
65000,0,5,4,25.00,9,0,1,1,0,0,15,1,5,200,9.2,千歳船橋
68000,0,6,4,20.09,7,1,0,1,0,1,15,1,5,200,9.2,千歳船橋
74000,0,4,4,19.87,4,1,1,0,0,0,15,1,5,200,9.2,千歳船橋
80000,0,7,4,27.60,5,1,1,0,1,1,15,1,5,200,9.2,千歳船橋
103500,0,8,4,31.67,5,1,1,1,1,1,15,1,5,200,9.2,千歳船橋
52500,0,6,3,10.94,11,1,1,0,0,1,15,1,5,200,9.2,千歳船橋
52000,0,5,4,16.34,6,0,1,1,1,1,15,1,5,200,9.2,千歳船橋
79000,0,1,2,19.00,3,1,1,1,0,1,15,1,5,200,9.2,千歳船橋
80000,0,7,3,22.00,3,1,0,1,1,1,15,1,5,200,9.2,千歳船橋
67000,0,2,4,21.06,10,1,0,1,0,1,15,1,5,200,9.2,千歳船橋
68000,0,4,4,18.00,4,1,1,1,1,1,15,1,5,200,9.2,千歳船橋
75000,0,5,4,20.46,4,1,0,1,1,1,15,1,5,200,9.2,千歳船橋
75000,0,2,4,18.70,0,1,1,1,1,0,15,1,5,200,9.2,千歳船橋
80000,0,7,4,27.60,5,1,1,0,1,1,15,1,5,200,9.2,千歳船橋
57000,0,10,2,20.28,15,1,0,1,0,1,17,1,6,200,10.6,祖師ヶ谷大蔵
65500,0,10,1,20.00,8,1,0,1,0,0,17,1,6,200,10.6,祖師ヶ谷大蔵
66000,0,3,0.4,19.00,5,0,1,1,1,0,17,1,6,200,10.6,祖師ヶ谷大蔵
70500,0,15,4,19.87,5,1,1,1,1,1,17,1,6,200,10.6,祖師ヶ谷大蔵
68000,0,18,4,16.92,8,1,1,0,1,1,17,1,6,200,10.6,祖師ヶ谷大蔵
70000,0,5,4,24.00,6,0,0,1,0,0,17,1,6,200,10.6,祖師ヶ谷大蔵
72000,0,8,4,17.20,0,0,1,1,1,0,17,1,6,200,10.6,祖師ヶ谷大蔵
72000,0,7,3,21.64,7,0,1,1,1,1,17,1,6,200,10.6,祖師ヶ谷大蔵
75000,0,4,4,19.25,4,1,1,1,0,1,17,1,6,200,10.6,祖師ヶ谷大蔵
75000,0,18,4,29.51,6,0,1,1,1,1,17,1,6,200,10.6,祖師ヶ谷大蔵
78000,0,8,3,23.44,3,0,1,1,1,0,17,1,6,200,10.6,祖師ヶ谷大蔵
75000,0,8,2,19.00,3,0,1,1,1,1,17,1,6,200,10.6,祖師ヶ谷大蔵
73000,0,11,4,20.09,2,0,1,0,1,0,17,1,6,200,10.6,祖師ヶ谷大蔵
80000,0,5,4,21.09,4,1,1,1,0,1,17,1,6,200,10.6,祖師ヶ谷大蔵
82000,0,10,4,22.09,4,0,1,1,1,1,17,1,6,200,10.6,祖師ヶ谷大蔵
90000,0,5,4,27.00,7,1,1,1,1,1,17,1,6,200,10.6,祖師ヶ谷大蔵
90000,0,5,3,24.09,1,1,1,1,1,1,17,1,6,200,10.6,祖師ヶ谷大蔵
90000,0,8,4,34.78,1,0,1,0,1,1,17,1,6,200,10.6,祖師ヶ谷大蔵
95000,0,15,3,32.29,5,1,1,1,1,1,17,1,6,200,10.6,祖師ヶ谷大蔵
63000,0,10,4,14.47,4,1,1,0,0,0,17,1,6,200,10.6,祖師ヶ谷大蔵
64000,0,12,4,16.76,8,0,1,0,0,1,17,1,6,200,10.6,祖師ヶ谷大蔵
65000,0,14,4,17.70,4,0,1,1,1,1,17,1,6,200,10.6,祖師ヶ谷大蔵
67000,0,1,4,19.00,5,1,1,1,0,0,17,1,6,200,10.6,祖師ヶ谷大蔵
72000,0,13,4,23.59,6,1,1,1,1,0,17,1,6,200,10.6,祖師ヶ谷大蔵
73000,0,8,3,24.00,4,1,1,0,1,0,17,1,6,200,10.6,祖師ヶ谷大蔵
75000,0,7,4,23.14,7,0,1,1,1,0,17,1,6,200,10.6,祖師ヶ谷大蔵
62000,0,15,4,17.39,6,0,1,1,0,0,17,1,6,200,10.6,祖師ヶ谷大蔵
66000,0,4,3,17.16,9,1,1,1,0,1,17,1,6,200,10.6,祖師ヶ谷大蔵
74000,0,7,4,21.87,10,1,1,1,0,1,17,1,6,200,10.6,祖師ヶ谷大蔵
88000,0,3,3,24.49,4,0,1,0,1,1,17,1,6,200,10.6,祖師ヶ谷大蔵
90000,0,3,4,24.09,1,1,1,1,1,1,17,1,6,200,10.6,祖師ヶ谷大蔵
60000,0,8,4,17.95,9,1,0,1,0,1,17,1,6,200,10.6,祖師ヶ谷大蔵
80000,0,12,4,21.50,3,0,1,1,1,0,17,1,6,200,10.6,祖師ヶ谷大蔵
56500,0,4,3,16.00,8,1,1,1,0,1,17,1,6,200,10.6,祖師ヶ谷大蔵
59000,0,7,4,21.00,13,0,0,1,0,1,17,1,6,200,10.6,祖師ヶ谷大蔵
62000,0,11,4,15.20,5,1,1,0,1,1,17,1,6,200,10.6,祖師ヶ谷大蔵
70000,0,8,4,16.47,4,0,1,1,1,1,17,1,6,200,10.6,祖師ヶ谷大蔵
70000,0,7,4,17.35,5,1,1,1,1,0,17,1,6,200,10.6,祖師ヶ谷大蔵
76000,0,7,4,21.87,10,1,1,1,0,1,17,1,6,200,10.6,祖師ヶ谷大蔵
165000,0,10,4,45.95,3,1,1,1,0,1,17,1,6,200,10.6,祖師ヶ谷大蔵
61000,0,3,3,19.87,7,0,1,1,0,0,17,1,6,200,10.6,祖師ヶ谷大蔵
67000,0,8,2,32.00,12,0,0,1,0,0,17,1,6,200,10.6,祖師ヶ谷大蔵
68000,0,8,4,16.47,4,0,1,1,1,1,17,1,6,200,10.6,祖師ヶ谷大蔵
75000,0,2,3,16.74,3,1,1,1,0,0,17,1,6,200,10.6,祖師ヶ谷大蔵
76000,0,7,4,21.87,10,1,1,1,0,1,17,1,6,200,10.6,祖師ヶ谷大蔵
96000,0,13,4,27.31,3,1,1,1,0,0,17,1,6,200,10.6,祖師ヶ谷大蔵
160000,0,10,4,40.15,4,1,1,1,0,0,17,1,6,200,10.6,祖師ヶ谷大蔵
50000,0,16,2,16.20,10,0,0,1,0,0,14,1,0,200,11.6,成城学園前
57000,0,15,3,18.63,10,1,0,1,0,0,14,1,0,200,11.6,成城学園前
64000,0,4,2,15.15,10,1,1,0,0,1,14,1,0,200,11.6,成城学園前
68200,0,2,2,14.04,10,1,1,0,0,1,14,1,0,200,11.6,成城学園前
72200,0,2,1,14.04,11,0,1,1,0,1,14,1,0,200,11.6,成城学園前
62000,0,7,3,16.16,7,0,0,0,0,0,14,1,0,200,11.6,成城学園前
65000,0,12,4,19.00,6,1,1,1,1,1,14,1,0,200,11.6,成城学園前
65000,0,2,4,18.00,11,1,1,0,0,1,14,1,0,200,11.6,成城学園前
69000,0,5,4,23.00,13,0,1,1,0,1,14,1,0,200,11.6,成城学園前
72000,0,10,4,19.87,4,1,1,1,1,1,14,1,0,200,11.6,成城学園前
77000,0,8,4,18.00,4,1,1,1,1,1,14,1,0,200,11.6,成城学園前
80000,0,2,4,20.09,7,1,0,1,0,1,14,1,0,200,11.6,成城学園前
80000,0,15,4,18.00,4,1,1,0,1,1,14,1,0,200,11.6,成城学園前
90000,0,8,2,23.00,2,0,1,0,0,0,14,1,0,200,11.6,成城学園前
115000,0,10,3,31.20,6,1,1,1,0,1,14,1,0,200,11.6,成城学園前
60000,0,15,3,18.63,10,0,1,1,0,0,14,1,0,200,11.6,成城学園前
68000,0,2,3,13.80,11,1,0,0,0,1,14,1,0,200,11.6,成城学園前
65000,0,2,2,16.60,7,1,1,1,0,1,14,1,0,200,11.6,成城学園前
76000,8,2,3,22.41,8,0,1,1,0,1,14,1,0,200,11.6,成城学園前
63000,0,14,4,16.00,4,1,1,0,0,1,14,1,0,200,11.6,成城学園前
64000,0,15,2,20.46,2,0,1,1,0,0,14,1,0,200,11.6,成城学園前
68000,0,2,2,14.37,11,1,1,0,0,1,14,1,0,200,11.6,成城学園前
66000,0,8,2,20.28,10,0,1,1,0,0,14,1,0,200,11.6,成城学園前
69000,0,13,3,22.77,2,1,1,1,0,1,14,1,0,200,11.6,成城学園前
71000,0,2,4,14.03,11,1,1,1,0,1,14,1,0,200,11.6,成城学園前
77000,0,2,4,20.09,7,0,0,1,0,1,14,1,0,200,11.6,成城学園前
164000,0,3,5,50.25,10,1,0,1,0,1,14,1,0,200,11.6,成城学園前
180000,0,18,6,56.88,7,1,1,1,0,1,14,1,0,200,11.6,成城学園前
68200,0,2,3,14.03,10,0,1,0,0,1,14,1,0,200,11.6,成城学園前
72000,0,2,4,17.39,4,0,1,1,1,0,14,1,0,200,11.6,成城学園前
66200,0,2,4,14.04,11,1,1,1,0,1,14,1,0,200,11.6,成城学園前
70000,0,2,3,14.03,11,1,1,1,0,1,14,1,0,200,11.6,成城学園前
68000,0,6,4,22.80,11,1,0,1,0,1,14,1,0,200,11.6,成城学園前
74000,0,10,2,16.47,3,1,1,1,1,1,14,1,0,200,11.6,成城学園前
82000,0,5,4,20.00,4,1,1,1,1,1,14,1,0,200,11.6,成城学園前
90000,0,7,4,24.24,6,1,1,1,1,1,14,1,0,200,11.6,成城学園前
92000,0,10,4,28.00,2,1,1,1,1,0,14,1,0,200,11.6,成城学園前
94000,0,4,2,22.74,10,1,1,0,0,1,14,1,0,200,11.6,成城学園前
70000,0,10,3,24.90,6,1,1,1,0,1,14,1,0,200,11.6,成城学園前
76000,15,1,3,31.00,7,1,0,1,1,1,14,1,0,200,11.6,成城学園前
53000,0,17,4,20.00,8,1,0,1,0,0,15,1,1,200,12.7,喜多見
54000,0,12,3,19.00,6,0,0,0,0,0,15,1,1,200,12.7,喜多見
55000,0,10,2,19.86,16,1,1,1,0,0,15,1,1,200,12.7,喜多見
54000,0,5,3,20.00,10,0,0,1,0,0,15,1,1,200,12.7,喜多見
57000,0,8,4,17.95,7,1,1,1,0,1,15,1,1,200,12.7,喜多見
56000,0,8,4,17.87,4,0,0,0,1,1,15,1,1,200,12.7,喜多見
58000,0,4,4,18.50,3,1,1,1,0,1,15,1,1,200,12.7,喜多見
61000,0,12,2,18.94,0,1,1,1,1,1,15,1,1,200,12.7,喜多見
63000,0,7,4,16.00,5,1,1,1,0,0,15,1,1,200,12.7,喜多見
62000,0,12,2,19.76,0,1,1,1,1,1,15,1,1,200,12.7,喜多見
66000,0,13,3,19.80,10,0,1,1,0,1,15,1,1,200,12.7,喜多見
68000,0,3,3,18.08,4,0,1,0,1,0,15,1,1,200,12.7,喜多見
70000,0,12,4,20.07,4,1,0,0,1,1,15,1,1,200,12.7,喜多見
71000,0,6,4,23.00,3,0,1,0,0,1,15,1,1,200,12.7,喜多見
67000,0,7,3,23.00,11,0,1,1,0,0,15,1,1,200,12.7,喜多見
72000,0,5,4,17.39,1,1,1,1,1,1,15,1,1,200,12.7,喜多見
74000,0,5,4,19.87,7,1,1,1,1,1,15,1,1,200,12.7,喜多見
69500,0,2,2,18.04,7,1,1,1,0,1,15,1,1,200,12.7,喜多見
67000,0,6,3,23.00,3,0,1,1,0,1,15,1,1,200,12.7,喜多見
44000,0,12,2,24.33,20,1,0,1,0,0,15,1,1,200,12.7,喜多見
50000,0,20,2,24.00,15,1,0,1,0,1,15,1,1,200,12.7,喜多見
60000,0,10,3,20.56,10,1,1,1,0,1,15,1,1,200,12.7,喜多見
66000,0,10,4,19.96,2,0,1,1,0,1,15,1,1,200,12.7,喜多見
65000,0,5,4,20.46,2,0,1,1,1,0,15,1,1,200,12.7,喜多見
67000,0,6,3,23.00,3,0,1,1,0,1,15,1,1,200,12.7,喜多見
68000,0,16,4,24.12,0,1,1,1,1,1,15,1,1,200,12.7,喜多見
68000,0,3,3,20.00,5,0,1,1,1,0,15,1,1,200,12.7,喜多見
70000,0,5,3,18.22,4,1,1,1,1,0,15,1,1,200,12.7,喜多見
51000,0,15,2,23.36,17,1,1,1,0,0,15,1,1,200,12.7,喜多見
70000,0,5,3,21.92,9,1,1,1,0,1,15,1,1,200,12.7,喜多見
67000,0,9,3,22.00,6,0,1,1,0,0,15,1,1,200,12.7,喜多見
70000,0,12,4,23.77,4,0,1,1,1,1,15,1,1,200,12.7,喜多見
66000,0,10,4,19.96,2,0,1,1,0,1,15,1,1,200,12.7,喜多見
65000,0,8,2,22.00,5,1,1,1,1,1,15,1,1,200,12.7,喜多見
70000,0,5,4,19.87,7,0,1,1,1,1,15,1,1,200,12.7,喜多見
79000,0,5,2,24.80,4,1,1,1,1,0,15,1,1,200,12.7,喜多見
57000,0,10,1,23.89,12,1,1,1,0,0,15,1,1,200,12.7,喜多見
57000,0,6,2,22.27,15,1,1,1,0,0,15,1,1,200,12.7,喜多見
62000,0,2,4,19.60,11,0,1,1,0,0,15,1,1,200,12.7,喜多見
61000,0,12,2,28.98,15,1,0,1,1,1,15,1,1,200,12.7,喜多見
46000,0,16,2,24.30,14,0,0,1,0,0,17,1,2,230,13.8,狛江
49000,0,14,2,10.20,6,1,1,1,1,1,17,1,2,230,13.8,狛江
52000,0,15,2,17.95,8,0,0,1,0,0,17,1,2,230,13.8,狛江
51000,0,14,2,22.68,13,1,1,1,0,1,17,1,2,230,13.8,狛江
52000,0,12,2,12.83,5,0,1,0,1,1,17,1,2,230,13.8,狛江
51000,0,13,3,20.57,9,0,1,1,0,0,17,1,2,230,13.8,狛江
55000,15,2,4,20.46,5,1,1,1,0,1,17,1,2,230,13.8,狛江
56000,0,5,2,10.00,4,0,1,1,1,0,17,1,2,230,13.8,狛江
61500,0,9,4,18.69,9,0,1,0,0,1,17,1,2,230,13.8,狛江
60000,0,6,4,20.46,6,0,0,1,0,0,17,1,2,230,13.8,狛江
60000,0,6,4,19.00,10,1,0,0,0,1,17,1,2,230,13.8,狛江
61000,0,16,4,22.77,0,0,1,1,1,0,17,1,2,230,13.8,狛江
59000,0,8,3,22.33,7,1,1,0,0,1,17,1,2,230,13.8,狛江
62000,0,15,3,17.76,3,0,1,1,1,1,17,1,2,230,13.8,狛江
66000,0,5,4,16.74,0,0,1,1,1,0,17,1,2,230,13.8,狛江
64000,0,7,3,18.36,1,0,1,1,1,0,17,1,2,230,13.8,狛江
67000,0,5,4,16.74,0,0,1,1,1,0,17,1,2,230,13.8,狛江
67000,0,7,4,19.87,2,0,1,0,0,0,17,1,2,230,13.8,狛江
68000,0,5,4,16.74,0,1,1,1,1,1,17,1,2,230,13.8,狛江
67000,0,1,3,18.35,7,1,1,1,1,1,17,1,2,230,13.8,狛江
72000,0,6,4,20.93,4,0,1,0,1,1,17,1,2,230,13.8,狛江
70000,0,6,2,23.77,4,1,0,1,0,1,17,1,2,230,13.8,狛江
75000,0,3,4,23.00,4,1,1,1,1,1,17,1,2,230,13.8,狛江
82000,0,5,3,26.40,5,1,1,1,0,1,17,1,2,230,13.8,狛江
86000,0,4,4,22.95,1,1,1,0,1,1,17,1,2,230,13.8,狛江
95000,0,9,4,24.00,2,0,1,0,0,1,17,1,2,230,13.8,狛江
50000,0,15,2,11.58,6,1,1,1,1,0,17,1,2,230,13.8,狛江
65000,0,3,4,21.43,4,0,1,1,1,0,17,1,2,230,13.8,狛江
79000,0,5,3,26.40,5,0,1,1,0,1,17,1,2,230,13.8,狛江
52000,0,15,2,12.09,6,1,1,1,1,1,17,1,2,230,13.8,狛江
51000,0,8,2,22.68,7,0,1,1,0,0,17,1,2,230,13.8,狛江
51000,0,9,1,14.31,18,1,1,1,1,0,17,1,2,230,13.8,狛江
53000,0,13,3,20.57,9,1,1,1,0,0,17,1,2,230,13.8,狛江
52000,0,7,2,19.87,12,1,0,1,0,0,17,1,2,230,13.8,狛江
54000,0,7,4,17.71,7,0,1,1,1,0,17,1,2,230,13.8,狛江
56000,0,5,3,22.68,11,1,1,1,0,1,17,1,2,230,13.8,狛江
59000,0,5,2,16.00,5,1,1,1,0,0,17,1,2,230,13.8,狛江
59000,0,13,3,17.35,7,1,1,1,1,1,17,1,2,230,13.8,狛江
62000,0,8,2,20.69,8,0,1,1,0,0,17,1,2,230,13.8,狛江
61000,0,15,2,20.24,6,1,1,1,0,1,17,1,2,230,13.8,狛江
68000,0,12,3,23.77,3,1,1,1,0,1,17,1,2,230,13.8,狛江
72000,0,9,2,26.49,3,0,1,1,0,1,17,1,2,230,13.8,狛江
72000,0,6,4,23.25,4,0,1,1,1,0,17,1,2,230,13.8,狛江
46000,0,8,2,18.21,22,0,1,1,1,0,17,1,2,230,13.8,狛江
61000,0,20,2,20.24,6,1,1,1,0,1,17,1,2,230,13.8,狛江
62000,0,12,4,20.46,7,0,0,1,0,1,17,1,2,230,13.8,狛江
72400,0,5,4,21.53,0,0,1,1,1,0,17,1,2,230,13.8,狛江
52000,0,15,2,11.58,6,1,1,1,1,0,17,1,2,230,13.8,狛江
60000,0,4,2,13.29,10,1,0,0,0,1,17,1,2,230,13.8,狛江
62000,0,5,2,18.08,8,1,0,1,0,1,17,1,2,230,13.8,狛江
55000,0,10,2,12.40,6,1,1,0,1,0,18,1,3,230,14.4,和泉多摩川
56000,0,6,2,24.84,10,0,0,1,0,0,18,1,3,230,14.4,和泉多摩川
63000,0,3,2,21.51,3,0,0,1,0,0,18,1,3,230,14.4,和泉多摩川
61000,0,7,3,18.60,4,1,1,0,1,0,18,1,3,230,14.4,和泉多摩川
64000,0,8,4,20.09,0,0,1,1,0,1,18,1,3,230,14.4,和泉多摩川
60500,0,5,2,23.77,10,0,0,0,0,1,18,1,3,230,14.4,和泉多摩川
66000,0,4,4,17.14,8,1,0,1,1,1,18,1,3,230,14.4,和泉多摩川
65000,0,7,3,20.00,4,0,1,0,1,0,18,1,3,230,14.4,和泉多摩川
73000,0,1,2,24.30,9,0,1,1,0,1,18,1,3,230,14.4,和泉多摩川
75000,0,9,2,26.49,3,0,1,1,0,1,18,1,3,230,14.4,和泉多摩川
92000,0,1,4,29.30,1,0,1,1,1,1,18,1,3,230,14.4,和泉多摩川
59000,0,10,2,19.83,6,1,0,1,1,1,18,1,3,230,14.4,和泉多摩川
66000,0,8,4,20.09,0,1,1,1,0,0,18,1,3,230,14.4,和泉多摩川
68000,0,2,3,20.60,5,0,1,1,1,1,18,1,3,230,14.4,和泉多摩川
97000,0,3,4,27.22,2,1,1,1,1,1,18,1,3,230,14.4,和泉多摩川
56000,0,15,2,22.68,13,1,1,1,0,1,18,1,3,230,14.4,和泉多摩川
53000,0,4,2,22.00,10,1,1,1,0,0,18,1,3,230,14.4,和泉多摩川
55000,0,15,2,19.44,11,1,0,1,0,0,18,1,3,230,14.4,和泉多摩川
59000,0,7,3,18.60,4,0,1,0,1,0,18,1,3,230,14.4,和泉多摩川
66000,0,6,2,23.18,4,1,1,1,1,0,18,1,3,230,14.4,和泉多摩川
89000,0,2,3,29.10,2,1,1,1,1,1,18,1,3,230,14.4,和泉多摩川
60000,0,8,2,17.01,3,1,1,1,1,0,18,1,3,230,14.4,和泉多摩川
62000,0,12,1,19.80,7,0,1,0,1,0,18,1,3,230,14.4,和泉多摩川
65000,0,1,2,13.00,4,1,1,1,1,0,18,1,3,230,14.4,和泉多摩川
69000,0,3,3,19.91,6,1,1,1,1,1,18,1,3,230,14.4,和泉多摩川
85000,0,3,4,27.22,2,0,1,1,1,1,18,1,3,230,14.4,和泉多摩川
55000,0,10,2,12.40,6,1,1,0,1,0,18,1,3,230,14.4,和泉多摩川
57000,0,5,3,21.18,9,0,0,0,0,0,18,2,0,230,15.2,登戸
63000,0,5,3,23.10,6,0,0,0,0,1,18,2,0,230,15.2,登戸
68000,0,4,2,18.43,3,1,1,0,1,1,18,2,0,230,15.2,登戸
65500,0,8,4,20.00,9,0,1,1,1,1,18,2,0,230,15.2,登戸
69000,0,9,4,19.50,2,1,1,1,0,1,18,2,0,230,15.2,登戸
47500,0,8,2,23.18,14,1,0,1,0,1,18,2,0,230,15.2,登戸
64000,0,9,4,20.71,0,0,1,1,0,1,18,2,0,230,15.2,登戸
49000,0,6,2,19.61,11,1,0,1,0,1,18,2,0,230,15.2,登戸
63000,0,3,4,16.35,1,1,1,1,1,1,18,2,0,230,15.2,登戸
72000,0,3,4,17.50,3,1,1,1,0,1,18,2,0,230,15.2,登戸
60000,0,10,4,16.74,2,1,1,1,1,1,18,2,0,230,15.2,登戸
68000,0,6,4,24.94,9,0,0,1,1,1,18,2,0,230,15.2,登戸
55000,0,13,4,17.85,1,0,1,1,1,0,18,2,0,230,15.2,登戸
52000,0,8,2,24.83,15,1,0,1,0,1,18,2,0,230,15.2,登戸
55000,0,10,4,16.74,2,0,1,1,1,1,18,2,0,230,15.2,登戸
62000,0,8,2,19.80,7,1,1,0,0,0,18,2,0,230,15.2,登戸
49000,13,1,4,21.00,2,0,1,1,0,0,19,1,0,230,15.8,向ヶ丘遊園
50500,0,10,3,21.00,8,0,0,1,0,0,19,1,0,230,15.8,向ヶ丘遊園
52000,0,8,2,15.75,10,1,1,0,0,0,19,1,0,230,15.8,向ヶ丘遊園
58000,0,13,3,18.18,13,0,1,0,0,0,19,1,0,230,15.8,向ヶ丘遊園
60000,0,2,4,16.00,3,0,1,0,0,0,19,1,0,230,15.8,向ヶ丘遊園
59000,0,14,2,18.77,7,0,1,1,0,0,19,1,0,230,15.8,向ヶ丘遊園
60000,0,5,2,20.32,8,0,1,1,0,0,19,1,0,230,15.8,向ヶ丘遊園
62000,0,8,4,18.63,2,0,1,0,0,0,19,1,0,230,15.8,向ヶ丘遊園
62000,0,11,3,19.41,4,1,1,0,0,1,19,1,0,230,15.8,向ヶ丘遊園
62000,0,2,2,15.75,8,0,1,1,1,0,19,1,0,230,15.8,向ヶ丘遊園
64000,0,15,4,23.25,0,0,1,0,1,1,19,1,0,230,15.8,向ヶ丘遊園
64500,0,9,2,17.42,2,1,1,1,1,1,19,1,0,230,15.8,向ヶ丘遊園
49000,6,1,3,24.84,8,1,1,1,1,1,19,1,0,230,15.8,向ヶ丘遊園
53500,0,19,4,24.45,7,1,0,0,0,1,19,1,0,230,15.8,向ヶ丘遊園
57000,0,11,2,19.41,4,1,1,1,1,1,19,1,0,230,15.8,向ヶ丘遊園
60000,0,11,2,19.41,4,1,1,0,0,1,19,1,0,230,15.8,向ヶ丘遊園
60000,0,11,2,19.41,4,1,1,1,1,1,19,1,0,230,15.8,向ヶ丘遊園
59000,0,3,2,18.00,11,0,1,1,0,0,19,1,0,230,15.8,向ヶ丘遊園
58000,0,9,2,16.95,4,1,1,0,0,1,19,1,0,230,15.8,向ヶ丘遊園
60000,0,6,2,17.59,4,1,1,1,0,1,19,1,0,230,15.8,向ヶ丘遊園
65500,0,9,2,17.42,2,1,1,1,1,1,19,1,0,230,15.8,向ヶ丘遊園
70000,0,13,3,19.60,0,1,1,1,1,0,19,1,0,230,15.8,向ヶ丘遊園
57000,0,4,2,21.39,9,0,1,1,0,0,19,1,0,230,15.8,向ヶ丘遊園
56000,0,12,3,20.46,5,0,1,1,0,1,19,1,0,230,15.8,向ヶ丘遊園
58000,0,5,2,20.32,8,0,1,1,0,0,19,1,0,230,15.8,向ヶ丘遊園
59500,0,13,3,23.77,4,1,1,1,0,1,19,1,0,230,15.8,向ヶ丘遊園
61000,0,10,4,18.84,1,0,1,1,1,0,19,1,0,230,15.8,向ヶ丘遊園
63000,0,9,3,20.07,0,0,1,1,1,1,19,1,0,230,15.8,向ヶ丘遊園
61500,0,8,3,23.77,3,0,1,1,0,1,19,1,0,230,15.8,向ヶ丘遊園
65000,0,7,4,18.61,2,0,1,1,0,1,19,1,0,230,15.8,向ヶ丘遊園
68000,0,4,4,23.00,0,1,1,1,1,1,19,1,0,230,15.8,向ヶ丘遊園
65000,0,3,3,21.08,8,0,1,1,0,1,19,1,0,230,15.8,向ヶ丘遊園
70000,0,4,4,23.00,0,1,1,1,1,1,19,1,0,230,15.8,向ヶ丘遊園
71000,0,9,2,23.66,7,1,1,1,1,1,19,1,0,230,15.8,向ヶ丘遊園
74000,0,4,4,23.33,0,1,1,1,1,1,19,1,0,230,15.8,向ヶ丘遊園
77000,0,6,3,23.07,0,0,1,1,1,0,19,1,0,230,15.8,向ヶ丘遊園
79000,0,6,3,23.12,0,1,1,1,1,1,19,1,0,230,15.8,向ヶ丘遊園
51000,0,18,2,21.39,6,1,0,1,0,1,19,1,0,230,15.8,向ヶ丘遊園
66000,0,3,4,16.20,2,1,1,1,1,1,19,1,0,230,15.8,向ヶ丘遊園
68000,0,4,4,22.35,0,1,1,1,1,1,19,1,0,230,15.8,向ヶ丘遊園
67000,0,8,2,20.46,1,1,1,1,0,1,19,1,0,230,15.8,向ヶ丘遊園
70000,0,4,4,22.67,0,1,1,1,1,1,19,1,0,230,15.8,向ヶ丘遊園
70000,0,8,2,23.80,6,1,1,1,1,1,19,1,0,230,15.8,向ヶ丘遊園
47500,0,3,2,12.00,6,1,1,0,1,0,21,1,1,260,17.9,生田
55000,0,7,2,17.16,6,0,1,1,0,1,21,1,1,260,17.9,生田
57000,0,9,2,17.15,5,0,1,1,0,1,21,1,1,260,17.9,生田
60000,0,15,2,22.20,1,0,0,1,1,1,21,1,1,260,17.9,生田
60000,0,9,2,17.15,5,1,1,1,0,1,21,1,1,260,17.9,生田
65000,0,3,2,19.39,0,1,1,1,1,1,21,1,1,260,17.9,生田
55000,0,6,4,14.70,10,1,1,1,1,0,21,1,1,260,17.9,生田
60000,0,15,2,23.80,8,1,1,1,1,1,21,1,1,260,17.9,生田
61000,0,15,2,22.20,1,1,0,1,1,1,21,1,1,260,17.9,生田
62000,0,7,3,20.46,3,0,1,1,0,1,21,1,1,260,17.9,生田
50000,0,7,2,17.00,10,1,1,0,0,1,21,1,1,260,17.9,生田
57000,0,9,2,19.25,2,0,1,1,0,0,21,1,1,260,17.9,生田
58000,0,7,2,13.86,5,0,1,0,1,0,21,1,1,260,17.9,生田
58000,0,10,2.5,17.36,7,1,1,1,0,1,21,1,1,260,17.9,生田
48000,0,5,2,18.00,10,1,1,0,0,1,23,1,2,260,19.2,読売ランド前
48000,0,10,2,14.47,5,0,1,1,1,1,23,1,2,260,19.2,読売ランド前
49000,0,8,3,16.20,3,1,1,1,1,1,23,1,2,260,19.2,読売ランド前
50000,0,4,4,19.26,6,0,1,1,0,1,23,1,2,260,19.2,読売ランド前
55000,0,9,2,17.58,4,0,0,1,0,0,23,1,2,260,19.2,読売ランド前
56000,0,8,2,20.26,2,0,0,1,1,1,23,1,2,260,19.2,読売ランド前
53000,0,12,2,16.80,3,1,1,0,1,0,23,1,2,260,19.2,読売ランド前
63000,0,6,4,20.30,7,0,1,1,1,1,23,1,2,260,19.2,読売ランド前
59000,0,15,2,17.23,4,1,1,0,1,1,23,1,2,260,19.2,読売ランド前
58000,0,6,2,16.80,8,0,0,0,0,0,23,1,2,260,19.2,読売ランド前
65000,0,6,4,20.30,7,1,1,0,0,1,23,1,2,260,19.2,読売ランド前
64000,0,5,2,22.50,2,0,1,0,0,1,23,1,2,260,19.2,読売ランド前
54000,0,10,3,18.27,5,0,1,1,0,1,23,1,2,260,19.2,読売ランド前
60000,0,10,2,15.84,1,1,1,1,1,0,23,1,2,260,19.2,読売ランド前
52000,0,11,2,18.84,7,1,0,1,0,0,23,1,2,260,19.2,読売ランド前
60000,0,15,2,17.23,4,1,1,0,1,1,23,1,2,260,19.2,読売ランド前
62000,0,2,4,19.00,4,1,0,1,0,1,23,1,2,260,19.2,読売ランド前
58000,0,7,4,18.04,4,1,1,1,1,1,23,1,2,260,19.2,読売ランド前
63000,0,6,3,17.00,9,1,1,1,0,0,23,1,2,260,19.2,読売ランド前
42000,0,11,3,17.52,5,1,1,1,0,1,23,1,2,260,19.2,読売ランド前
60000,0,6,4,20.30,7,0,1,1,0,1,23,1,2,260,19.2,読売ランド前
63000,0,6,3,17.00,9,1,1,1,0,0,23,1,2,260,19.2,読売ランド前
62000,0,6,4,20.30,7,1,1,1,0,1,23,1,2,260,19.2,読売ランド前
36000,0,12,2,10.30,6,0,1,0,0,0,25,1,3,260,20.5,百合ヶ丘
40000,0,12,2,10.30,6,1,1,0,0,0,25,1,3,260,20.5,百合ヶ丘
40000,0,20,2,13.50,6,0,1,0,1,1,25,1,3,260,20.5,百合ヶ丘
47000,0,5,4,19.00,6,0,1,1,0,0,25,1,3,260,20.5,百合ヶ丘
53000,0,13,3,16.38,5,1,1,0,1,1,25,1,3,260,20.5,百合ヶ丘
62900,0,4,2,16.56,9,0,1,0,0,1,25,1,3,260,20.5,百合ヶ丘
59000,0,8,3,17.48,6,1,1,1,1,1,25,1,3,260,20.5,百合ヶ丘
63000,0,7,3,21.21,3,0,1,1,0,0,25,1,3,260,20.5,百合ヶ丘
67000,0,18,2,37.11,8,1,0,0,0,1,25,1,3,260,20.5,百合ヶ丘
66000,0,7,3,20.72,5,1,1,1,1,1,25,1,3,260,20.5,百合ヶ丘
85000,0,4,2,29.25,3,1,1,0,0,1,25,1,3,260,20.5,百合ヶ丘
42000,0,5,4,16.00,5,0,1,1,0,1,25,1,3,260,20.5,百合ヶ丘
61000,0,7,3,20.72,5,0,1,1,1,1,25,1,3,260,20.5,百合ヶ丘
51000,0,8,4,17.01,6,1,0,1,0,1,25,1,3,260,20.5,百合ヶ丘
55000,0,7,4,20.46,8,1,0,1,0,0,25,1,3,260,20.5,百合ヶ丘
62000,0,4,2,20.03,6,1,0,1,1,1,25,1,3,260,20.5,百合ヶ丘
65000,0,5,3,22.00,2,0,1,1,0,0,25,1,3,260,20.5,百合ヶ丘
47000,0,6,4,17.95,2,0,0,1,0,0,25,1,3,260,20.5,百合ヶ丘
66000,0,5,3,19.83,3,0,1,1,1,0,25,1,3,260,20.5,百合ヶ丘
73140,0,5,4,20.89,1,0,1,1,1,1,25,1,3,260,20.5,百合ヶ丘
42000,0,5,4,16.00,5,0,1,1,0,1,25,1,3,260,20.5,百合ヶ丘
45000,0,10,2,19.83,15,0,0,0,0,0,25,1,3,260,20.5,百合ヶ丘
50000,0,5,4,16.00,5,1,1,1,0,1,25,1,3,260,20.5,百合ヶ丘
57000,0,7,2,25.00,5,1,1,1,1,1,25,1,3,260,20.5,百合ヶ丘
47000,0,15,3,21.00,11,1,0,1,0,0,25,2,0,290,21.5,新百合ヶ丘
51000,0,13,3,21.00,9,0,0,0,0,0,25,2,0,290,21.5,新百合ヶ丘
51500,0,13,4,20.28,15,1,0,0,0,0,25,2,0,290,21.5,新百合ヶ丘
56000,0,3,2,17.28,7,1,1,0,0,1,25,2,0,290,21.5,新百合ヶ丘
59000,0,3,3,17.00,0,0,1,1,1,1,25,2,0,290,21.5,新百合ヶ丘
60000,6,1,3,20.16,3,1,1,1,1,1,25,2,0,290,21.5,新百合ヶ丘
65000,0,5,4,18.63,4,1,1,1,0,0,25,2,0,290,21.5,新百合ヶ丘
102000,0,5,3,28.02,7,1,1,0,0,1,25,2,0,290,21.5,新百合ヶ丘
55000,0,10,3,18.87,3,1,1,1,0,1,25,2,0,290,21.5,新百合ヶ丘
72000,0,8,4,25.96,0,1,0,1,1,1,25,2,0,290,21.5,新百合ヶ丘
39000,0,18,3,21.00,8,0,1,0,0,1,27,1,1,290,23.4,柿生
48000,0,9,2,17.39,5,1,1,1,1,1,27,1,1,290,23.4,柿生
49000,0,15,2,15.64,5,0,1,0,0,1,27,1,1,290,23.4,柿生
49000,0,3,2,20.47,10,0,0,1,0,0,27,1,1,290,23.4,柿生
47000,0,6,2,17.46,16,1,0,0,0,0,27,1,1,290,23.4,柿生
63000,0,7,2,21.51,3,0,1,0,1,1,27,1,1,290,23.4,柿生
43000,0,9,2,17.39,5,0,1,1,1,1,27,1,1,290,23.4,柿生
44000,0,5,3,18.00,10,1,1,1,1,0,27,1,1,290,23.4,柿生
29000,10,6,3,17.30,16,1,0,1,0,0,29,1,2,320,25.1,鶴川
32000,0,20,2,19.87,7,1,0,0,0,0,29,1,2,320,25.1,鶴川
38000,0,5,2,16.46,6,1,1,0,1,0,29,1,2,320,25.1,鶴川
47900,0,11,3,16.34,7,1,0,1,0,1,29,1,2,320,25.1,鶴川
41000,0,11,2,23.77,12,0,0,0,0,0,29,1,2,320,25.1,鶴川
40000,0,11,3,16.24,8,1,1,0,0,1,29,1,2,320,25.1,鶴川
44000,10,1,3,18.63,5,0,1,0,0,0,29,1,2,320,25.1,鶴川
46000,0,12,2,18.56,9,0,0,0,0,0,29,1,2,320,25.1,鶴川
45000,0,13,3,19.80,5,0,1,0,1,0,29,1,2,320,25.1,鶴川
48000,0,5,3,16.14,1,0,1,1,1,0,29,1,2,320,25.1,鶴川
53200,0,8,3,16.20,2,1,1,1,0,1,29,1,2,320,25.1,鶴川
58000,0,3,4,23.18,0,1,0,1,1,1,29,1,2,320,25.1,鶴川
45000,14,3,2,20.03,7,1,0,1,0,1,29,1,2,320,25.1,鶴川
48000,0,15,2,19.30,6,0,0,1,0,1,29,1,2,320,25.1,鶴川
57000,0,10,4,18.70,1,1,1,1,1,1,29,1,2,320,25.1,鶴川
59000,0,12,1,17.55,1,1,1,1,1,1,29,1,2,320,25.1,鶴川
61000,6,3,1,19.57,0,1,1,1,1,1,29,1,2,320,25.1,鶴川
45000,10,3,1,17.70,2,0,1,1,0,1,29,1,2,320,25.1,鶴川
60000,0,10,2,23.18,3,0,1,0,0,0,29,1,2,320,25.1,鶴川
39000,0,11,4,16.24,8,1,1,1,0,1,29,1,2,320,25.1,鶴川
48000,0,15,4,19.03,6,0,0,1,0,0,29,1,2,320,25.1,鶴川
41000,0,12,3,16.17,7,0,1,0,1,1,32,1,3,320,27.9,玉川学園前
44000,0,8,3,13.05,8,0,1,0,0,0,32,1,3,320,27.9,玉川学園前
45000,0,18,3,19.57,4,1,1,0,0,0,32,1,3,320,27.9,玉川学園前
46000,0,14,2,23.10,10,0,0,1,0,1,32,1,3,320,27.9,玉川学園前
45000,0,15,3,23.27,14,1,0,1,0,0,32,1,3,320,27.9,玉川学園前
45000,0,4,3,18.00,10,1,0,1,0,1,32,1,3,320,27.9,玉川学園前
49000,0,6,4,17.01,9,1,1,0,0,1,32,1,3,320,27.9,玉川学園前
52000,0,17,3,19.87,7,0,0,1,0,1,32,1,3,320,27.9,玉川学園前
51000,0,18,2,20.03,5,0,1,1,1,1,32,1,3,320,27.9,玉川学園前
58000,0,6,4,20.59,8,1,1,0,0,1,32,1,3,320,27.9,玉川学園前
57000,0,12,3,24.78,2,1,1,0,1,0,32,1,3,320,27.9,玉川学園前
60000,0,10,3,21.06,2,0,1,1,1,1,32,1,3,320,27.9,玉川学園前
73000,0,2,3,24.75,4,1,1,0,1,1,32,1,3,320,27.9,玉川学園前
58000,0,6,3,20.88,8,1,1,0,0,1,32,1,3,320,27.9,玉川学園前
59000,0,6,3,20.88,8,1,1,0,0,1,32,1,3,320,27.9,玉川学園前
25000,0,15,2,16.30,20,0,0,1,0,0,34,3,0,350,30.8,町田
30000,0,8,1,23.10,17,1,0,1,0,0,34,3,0,350,30.8,町田
39000,20,1,4,19.83,20,1,0,1,0,0,34,3,0,350,30.8,町田
41000,20,1,3,18.63,4,1,1,0,0,0,34,3,0,350,30.8,町田
43000,0,10,3,18.63,6,0,0,0,0,0,34,3,0,350,30.8,町田
48000,0,8,3,14.49,6,0,1,0,1,0,34,3,0,350,30.8,町田
45000,0,8,4,13.66,7,0,1,1,0,1,34,3,0,350,30.8,町田
49000,0,17,4,19.57,8,0,1,1,0,1,34,3,0,350,30.8,町田
48000,0,7,2,16.47,8,0,1,1,1,1,34,3,0,350,30.8,町田
45000,0,15,4,18.63,5,0,1,0,0,0,34,3,0,350,30.8,町田
50000,0,13,3,18.78,6,1,1,0,0,1,34,3,0,350,30.8,町田
51000,0,10,3,18.00,6,1,0,0,0,1,34,3,0,350,30.8,町田
51000,0,17,2,19.44,13,0,0,1,0,1,34,3,0,350,30.8,町田
50000,0,13,3,17.95,7,1,1,1,0,1,34,3,0,350,30.8,町田
55000,0,8,3,17.04,7,1,1,0,0,1,34,3,0,350,30.8,町田
51000,0,10,3,17.86,6,1,0,0,0,0,34,3,0,350,30.8,町田
50000,0,10,3,16.63,9,0,1,1,0,1,34,3,0,350,30.8,町田
53000,0,12,4,17.34,10,1,1,1,0,1,34,3,0,350,30.8,町田
54000,20,1,3,19.57,2,1,1,0,0,1,34,3,0,350,30.8,町田
53000,0,10,1,19.44,7,1,1,0,0,0,34,3,0,350,30.8,町田
56500,0,13,4,18.57,3,1,1,1,1,1,34,3,0,350,30.8,町田
56500,0,13,4,16.51,3,1,1,1,1,1,34,3,0,350,30.8,町田
55000,0,12,4,21.20,7,1,0,1,0,0,34,3,0,350,30.8,町田
58000,0,9,4,19.67,6,1,0,1,0,1,34,3,0,350,30.8,町田
57000,0,10,2,19.44,7,1,0,0,0,1,34,3,0,350,30.8,町田
54000,0,15,2,19.83,10,1,0,1,0,1,34,3,0,350,30.8,町田
59000,0,12,2,15.52,0,0,1,0,1,0,34,3,0,350,30.8,町田
63000,0,6,4,16.74,1,1,1,0,0,1,34,3,0,350,30.8,町田
62000,0,7,4,25.06,8,1,1,1,0,1,34,3,0,350,30.8,町田
60000,0,8,3,20.65,9,1,1,0,0,1,34,3,0,350,30.8,町田
65000,0,10,3,19.00,4,1,1,1,1,1,34,3,0,350,30.8,町田
63000,0,5,4,19.43,2,0,1,0,0,1,34,3,0,350,30.8,町田
65000,0,6,3,23.40,4,1,1,1,0,1,34,3,0,350,30.8,町田
78000,0,2,4,29.00,8,1,1,0,0,1,34,3,0,350,30.8,町田
160000,0,5,4,46.92,5,1,1,1,1,1,34,3,0,350,30.8,町田
53000,0,12,3,18.00,12,1,1,1,0,1,34,3,0,350,30.8,町田
63000,0,6,4,17.82,7,1,0,1,1,1,34,3,0,350,30.8,町田
64000,0,4,4,20.09,1,0,1,1,0,1,34,3,0,350,30.8,町田
43000,20,3,2,16.20,6,1,1,1,1,1,34,3,0,350,30.8,町田
50000,0,13,3,17.95,8,1,1,1,0,1,34,3,0,350,30.8,町田
52000,0,10,4,17.39,8,1,0,1,0,0,34,3,0,350,30.8,町田
51000,0,7,2,16.47,8,1,1,1,1,1,34,3,0,350,30.8,町田
51000,0,10,4,17.28,8,1,1,1,1,0,34,3,0,350,30.8,町田
55000,0,5,3,28.00,12,1,0,1,0,1,34,3,0,350,30.8,町田
54000,0,4,4,21.21,12,1,0,1,0,1,34,3,0,350,30.8,町田
57000,0,7,3,23.76,8,1,1,1,0,1,34,3,0,350,30.8,町田
56000,0,10,4,19.00,8,1,0,1,0,1,34,3,0,350,30.8,町田
60000,0,13,4,17.30,4,1,1,0,0,1,34,3,0,350,30.8,町田
62000,0,6,4,16.74,1,1,1,0,0,1,34,3,0,350,30.8,町田
62000,0,9,3,17.70,8,1,0,0,0,1,34,3,0,350,30.8,町田
47000,0,15,4,18.63,5,1,1,0,0,0,34,3,0,350,30.8,町田
60000,0,6,4,28.31,9,1,1,0,0,0,34,3,0,350,30.8,町田
60000,0,5,3,17.32,7,1,1,0,0,1,34,3,0,350,30.8,町田
55000,0,8,4,17.64,6,0,1,1,0,1,34,3,0,350,30.8,町田
77000,0,3,3,27.21,9,1,1,1,0,1,34,3,0,350,30.8,町田
50000,0,10,3,18.63,6,1,1,0,0,0,34,3,0,350,30.8,町田
61000,0,12,4,19.50,4,1,1,1,0,1,34,3,0,350,30.8,町田
50000,0,15,4,18.63,8,1,0,1,0,0,34,3,0,350,30.8,町田
51000,0,10,3,17.19,4,1,1,0,0,0,34,3,0,350,30.8,町田
51000,0,10,4,19.80,8,1,0,1,0,0,34,3,0,350,30.8,町田
59000,0,5,3,17.32,7,1,1,0,0,1,34,3,0,350,30.8,町田
58000,0,4,3,19.44,9,0,0,1,0,1,34,3,0,350,30.8,町田
57000,0,7,4,22.14,7,0,1,1,1,1,34,3,0,350,30.8,町田
58000,0,8,3,18.50,8,1,1,1,0,1,34,3,0,350,30.8,町田
61000,0,12,2,15.34,0,1,1,0,1,0,34,3,0,350,30.8,町田
64000,0,6,2,18.90,7,1,1,1,0,1,34,3,0,350,30.8,町田
75000,0,7,4,24.81,3,0,0,1,0,0,34,3,0,350,30.8,町田
